engine,samples,clean_accuracy,baseline_accuracy,generated_accuracy,attack_success_rate,clean_cer,baseline_cer,generated_cer,clean_wer,baseline_wer,generated_wer,generated_cer_delta,generated_wer_delta,clean_accuracy_pct,baseline_accuracy_pct,generated_accuracy_pct,attack_success_rate_pct,generated_vs_baseline_accuracy_delta_pct,generated_vs_baseline_cer_delta,generated_vs_baseline_wer_delta
ocrspace,200,0.0,0.0,0.0,0.13,0.9020266949628231,0.9028722949675104,0.9063426942964722,0.9501993957839546,0.9515421135237311,0.9516245637532402,0.0034703993289618607,8.245022950905512e-05,0.0,0.0,0.0,13.0,0.0,0.0034703993289617596,8.24502295091456e-05
easyocr,200,0.005,0.005,0.005,0.385,0.6995396722583316,0.7141413549760607,0.7167270622673577,0.9233718323309061,0.9308046425762163,0.9313088399107913,0.0025857072912969805,0.0005041973345749079,0.5,0.5,0.5,38.5,0.0,0.0025857072912970347,0.0005041973345749629
trocr,200,0.005,0.005,0.005,0.1,0.9584217104699827,0.9607776846208762,0.9632185870183692,1.000762506284565,0.9932336601307189,0.9992240447461036,0.00244090239749308,0.005990384615384615,0.5,0.5,0.5,10.0,0.0,0.00244090239749295,0.005990384615384703
tesseract,200,0.0,0.0,0.0,0.16,0.9696850815285362,0.9716363389124173,0.9708900519006458,0.9926482828606684,0.9994519346686306,0.9946160714285714,-0.0007462870117714271,-0.00483586324005917,0.0,0.0,0.0,16.0,0.0,-0.0007462870117714848,-0.004835863240059135
