engine,samples,clean_accuracy,baseline_accuracy,generated_accuracy,attack_success_rate,clean_cer,baseline_cer,generated_cer,clean_wer,baseline_wer,generated_wer,generated_cer_delta,generated_wer_delta,clean_accuracy_pct,baseline_accuracy_pct,generated_accuracy_pct,attack_success_rate_pct,generated_vs_baseline_accuracy_delta_pct,generated_vs_baseline_cer_delta,generated_vs_baseline_wer_delta
tesseract,320,0.14375,0.115625,0.103125,0.35625,0.7489721996753247,0.8015174625721502,0.9005354324494949,1.121875,1.196875,1.340625,0.09901796987734487,0.14375,14.374999999999998,11.5625,10.3125,35.625,-1.25,0.09901796987734468,0.14375000000000004
easyocr,320,0.275,0.2375,0.228125,0.328125,0.8979152011183261,0.8756859329906204,0.943805127164502,1.371875,1.3875,1.4125,0.06811919417388167,0.025,27.500000000000004,23.75,22.8125,32.8125,-0.9375,0.06811919417388168,0.025000000000000133
trocr,320,0.321875,0.30625,0.321875,0.159375,0.6619523922258297,0.6129968772546898,0.6645300099206348,0.759375,0.753125,0.784375,0.051533132665945156,0.03125,32.1875,30.625000000000004,32.1875,15.937499999999998,1.5624999999999964,0.05153313266594506,0.03125
ocrspace,320,0.090625,0.08125,0.090625,0.034375,0.9090405167748917,0.9082978219696969,0.9107758387445888,0.95625,0.95625,0.95,0.0024780167748917744,-0.00625,9.0625,8.125,9.0625,3.4375000000000004,0.9375,0.0024780167748919,-0.006250000000000089
